date,cost_rank,config_label,N_L2,N_DC50,N_DC150,N_DC350,capex_daily,energy_cost,demand_global,demand_peak_win,total_op_cost,peak_kw,peak_win_kw,n_vehicles,n_fully_served,n_partially_served,n_vehicles_served,n_unserved,vehicles_served_pct,energy_demanded_kwh,energy_delivered_kwh,energy_served_pct,solve_time_s,mip_gap,solver_status,is_worst10
2025-12-23,1,2Ă—L2 + 3Ă—DC50 + 4Ă—DC150 + 5Ă—DC350,2,3,4,5,954.28,475.91,9745.54,15039.6,26215.33,1510.0,1510.0,27,23,4,27,0,100.0,3230.1,3749.9,116.1,3.2,0.0481,optimal,True
2025-09-18,2,1Ă—L2 + 2Ă—DC150 + 4Ă—DC350,1,0,2,4,605.55,492.48,9287.31,14332.44,24717.78,1439.0,1439.0,22,20,2,22,0,100.0,2396.8,2826.4,117.9,0.4,0.0179,optimal,True
2026-01-15,3,1Ă—L2 + 5Ă—DC350,1,0,0,5,597.33,384.12,9164.68,14143.2,24289.34,1420.0,1420.0,22,16,6,22,0,100.0,2747.4,3035.2,110.5,0.1,0.0059,optimal,True
2025-12-03,4,1Ă—L2 + 1Ă—DC50 + 3Ă—DC150 + 3Ă—DC350,1,1,3,3,582.95,592.64,8900.07,13734.84,23810.49,1379.0,1379.0,35,27,8,35,0,100.0,4257.7,4772.7,112.1,1.7,0.0494,optimal,True
2025-09-08,5,1Ă—L2 + 1Ă—DC50 + 3Ă—DC150 + 3Ă—DC350,1,1,3,3,582.95,695.68,9094.98,11346.43,21720.03,1409.2,1139.2,34,29,5,34,0,100.0,3853.2,4411.1,114.5,0.2,0.0177,optimal,True
2025-10-14,6,1Ă—L2 + 1Ă—DC50 + 3Ă—DC150 + 5Ă—DC350,1,1,3,5,818.54,631.36,9681.0,9661.2,20792.1,1500.0,970.0,37,32,5,37,0,100.0,4482.8,5281.9,117.8,0.3,0.0133,optimal,True
2026-02-11,7,2Ă—DC50 + 1Ă—DC150 + 4Ă—DC350,0,2,1,4,598.56,622.28,9293.76,10159.2,20673.81,1440.0,1020.0,37,30,7,37,0,100.0,5130.9,5762.2,112.3,3.2,0.0443,optimal,True
2026-02-12,8,1Ă—DC50 + 2Ă—DC150 + 3Ă—DC350,0,1,2,3,511.59,526.46,7744.8,11653.2,20436.05,1200.0,1170.0,31,25,6,31,0,100.0,3828.5,4281.8,111.8,0.3,0.0486,optimal,True
2025-12-01,9,2Ă—L2 + 3Ă—DC50 + 3Ă—DC150 + 4Ă—DC350,2,3,3,4,773.48,381.01,8002.96,11155.2,20312.65,1240.0,1120.0,21,14,7,21,0,100.0,3031.5,3179.9,104.9,0.5,0.0418,optimal,True
2026-03-16,10,1Ă—L2 + 1Ă—DC50 + 4Ă—DC350,1,1,0,4,511.72,485.79,7551.18,11653.2,20201.9,1170.0,1170.0,24,22,2,24,0,100.0,3410.1,3820.5,112.0,1.1,0.0418,optimal,True
2025-05-20,11,2Ă—L2 + 2Ă—DC50 + 1Ă—DC150 + 4Ă—DC350,2,2,1,4,615.28,627.15,8067.5,10856.4,20166.33,1250.0,1090.0,37,32,5,37,0,100.0,4513.8,4844.0,107.3,0.3,0.0061,optimal,False
2025-06-17,12,4Ă—DC50 + 3Ă—DC150 + 4Ă—DC350,0,4,3,4,788.95,792.75,7228.48,11155.2,19965.38,1120.0,1120.0,36,29,7,36,0,100.0,4558.3,4900.5,107.5,0.8,0.0192,optimal,False
2026-02-02,13,2Ă—DC50 + 4Ă—DC350,0,2,0,4,535.56,319.13,7486.64,11553.6,19894.93,1160.0,1160.0,15,10,5,15,0,100.0,2305.1,2385.0,103.5,0.1,0.0045,optimal,False
2025-06-19,14,1Ă—L2 + 3Ă—DC50 + 1Ă—DC150 + 4Ă—DC350,1,3,1,4,639.11,508.8,7352.4,11346.43,19846.73,1139.2,1139.2,25,20,5,25,0,100.0,2763.7,2991.3,108.2,0.2,0.0282,optimal,False
2025-05-15,15,1Ă—L2 + 1Ă—DC50 + 3Ă—DC150 + 3Ă—DC350,1,1,3,3,582.95,458.7,9094.98,8358.43,18495.05,1409.2,839.2,29,24,5,29,0,100.0,3426.9,3926.5,114.6,0.7,0.0485,optimal,False
2025-05-14,16,1Ă—L2 + 3Ă—DC50 + 2Ă—DC150 + 7Ă—DC350,1,3,2,7,1055.5,517.98,8002.96,8864.4,18440.85,1240.0,890.0,32,28,4,32,0,100.0,3662.4,4202.0,114.7,0.2,0.0423,optimal,False
2025-07-17,17,2Ă—DC50 + 4Ă—DC150 + 6Ă—DC350,0,2,4,6,1023.18,609.89,11746.28,4980.0,18359.35,1820.0,500.0,29,24,5,29,0,100.0,3724.2,4059.0,109.0,0.6,0.02,optimal,False
2026-04-14,18,1Ă—L2 + 2Ă—DC150 + 5Ă—DC350,1,0,2,5,723.35,464.9,8067.5,9055.63,18311.38,1250.0,909.2,31,22,9,31,0,100.0,3790.4,4037.4,106.5,0.1,0.0304,optimal,False
2025-05-19,19,1Ă—DC150 + 5Ă—DC350,0,0,1,5,651.98,469.74,7422.1,9661.2,18205.02,1150.0,970.0,27,26,1,27,0,100.0,3190.5,3780.0,118.5,0.1,0.0332,optimal,False
2026-03-09,20,1Ă—L2 + 1Ă—DC50 + 2Ă—DC150 + 4Ă—DC350,1,1,2,4,637.74,388.93,10971.8,6175.2,18173.67,1700.0,620.0,23,20,3,23,0,100.0,2961.4,3409.7,115.1,0.1,0.0297,optimal,False
2025-10-13,21,1Ă—DC50 + 2Ă—DC150 + 4Ă—DC350,0,1,2,4,629.38,597.74,6776.7,10159.2,18163.02,1050.0,1020.0,36,28,8,36,0,100.0,4348.0,5071.5,116.6,0.2,0.0325,optimal,False
2026-03-26,22,2Ă—DC150 + 3Ă—DC350,0,0,2,3,479.4,312.77,7422.1,9661.2,17875.47,1150.0,970.0,20,14,6,20,0,100.0,2335.9,2706.8,115.9,0.0,0.0,optimal,False
2026-03-25,23,1Ă—DC50 + 1Ă—DC150 + 3Ă—DC350,0,1,1,3,448.58,438.53,6776.7,10159.2,17823.01,1050.0,1020.0,25,20,5,25,0,100.0,2965.5,3429.0,115.6,0.3,0.0358,optimal,False
2025-09-15,24,2Ă—DC50 + 3Ă—DC150 + 3Ă—DC350,0,2,3,3,606.78,869.11,7680.26,8466.0,17622.15,1190.0,850.0,42,32,10,42,0,100.0,5208.9,5676.8,109.0,0.4,0.0428,optimal,False
2025-08-25,25,1Ă—DC50 + 2Ă—DC150 + 3Ă—DC350,0,1,2,3,511.59,623.82,6454.0,9960.0,17549.41,1000.0,1000.0,30,24,6,30,0,100.0,3493.3,3901.5,111.7,0.3,0.0396,optimal,False
2026-01-06,26,1Ă—L2 + 1Ă—DC50 + 3Ă—DC350,1,1,0,3,393.93,412.19,6583.08,10159.2,17548.4,1020.0,1020.0,25,22,3,25,0,100.0,2911.3,3469.6,119.2,3.2,0.0477,optimal,False
2026-03-11,27,1Ă—DC50 + 3Ă—DC150 + 3Ă—DC350,0,1,3,3,574.59,332.95,6712.16,9661.2,17280.9,1040.0,970.0,20,16,4,20,0,100.0,2413.9,2668.5,110.5,0.1,0.0026,optimal,False
2026-02-10,28,1Ă—DC50 + 1Ă—DC150 + 3Ă—DC350,0,1,1,3,448.58,421.15,7357.56,8864.4,17091.69,1140.0,890.0,25,18,7,25,0,100.0,3387.0,3584.2,105.8,0.2,0.0189,optimal,False
2025-11-24,29,1Ă—DC50 + 2Ă—DC150 + 5Ă—DC350,0,1,2,5,747.18,350.56,6260.38,9661.2,17019.32,970.0,970.0,20,15,5,20,0,100.0,2927.9,3159.0,107.9,0.1,0.0426,optimal,False
2025-05-07,30,2Ă—L2 + 2Ă—DC150 + 3Ă—DC350,2,0,2,3,496.11,574.32,6260.38,9661.2,16992.01,970.0,970.0,40,35,5,40,0,100.0,4250.9,5022.1,118.1,0.2,0.0017,optimal,False
2026-01-07,31,1Ă—L2 + 1Ă—DC50 + 2Ă—DC150 + 3Ă—DC350,1,1,2,3,519.94,413.75,9035.6,6972.0,16941.3,1400.0,700.0,25,23,2,25,0,100.0,2873.7,3526.7,122.7,0.3,0.0495,optimal,False
2025-06-05,32,1Ă—DC50 + 2Ă—DC150 + 2Ă—DC350,0,1,2,2,393.79,569.87,6260.38,9661.2,16885.24,970.0,970.0,28,25,3,28,0,100.0,3120.9,3541.5,113.5,0.2,0.0493,optimal,False
2025-09-10,33,3Ă—DC50 + 1Ă—DC150 + 6Ă—DC350,0,3,1,6,866.34,613.01,6841.24,8466.0,16786.6,1060.0,850.0,27,27,0,27,0,100.0,3357.3,4061.2,121.0,0.1,0.0421,optimal,False
2026-04-29,34,1Ă—L2 + 2Ă—DC50 + 3Ă—DC350,1,2,0,3,426.12,345.07,6260.38,9661.2,16692.77,970.0,970.0,19,15,4,19,0,100.0,2583.7,2797.3,108.3,0.1,0.005,optimal,False
2026-03-24,35,2Ă—DC150 + 3Ă—DC350,0,0,2,3,479.4,502.97,7228.48,8466.0,16676.85,1120.0,850.0,30,24,6,30,0,100.0,3723.1,4189.5,112.5,0.1,0.0292,optimal,False
2025-12-22,36,1Ă—L2 + 1Ă—DC150 + 6Ă—DC350,1,0,1,6,778.13,363.2,8390.2,6972.0,16503.53,1300.0,700.0,24,23,1,24,0,100.0,2457.3,3005.0,122.3,0.1,0.0176,optimal,False
2026-03-23,37,1Ă—DC50 + 1Ă—DC150 + 3Ă—DC350,0,1,1,3,448.58,417.27,7163.94,8466.0,16495.79,1110.0,850.0,27,19,8,27,0,100.0,3217.2,3523.5,109.5,1.2,0.05,optimal,False
2025-11-19,38,1Ă—L2 + 1Ă—DC50 + 1Ă—DC150 + 3Ă—DC350,1,1,1,3,456.94,408.88,7228.48,8356.44,16450.74,1120.0,839.0,24,21,3,24,0,100.0,3100.6,3589.2,115.8,0.2,0.0441,optimal,False
2025-05-12,39,2Ă—L2 + 4Ă—DC50 + 2Ă—DC150 + 3Ă—DC350,2,4,2,3,624.86,533.95,6841.24,8266.8,16266.85,1060.0,830.0,34,30,4,34,0,100.0,4256.4,4837.5,113.7,0.4,0.0098,optimal,False
2025-09-22,40,1Ă—L2 + 1Ă—DC150 + 4Ă—DC350,1,0,1,4,542.54,633.38,7868.72,7163.23,16207.87,1219.2,719.2,32,27,5,32,0,100.0,3478.7,4225.9,121.5,0.1,0.0307,optimal,False
2025-06-24,41,1Ă—L2 + 1Ă—DC50 + 2Ă—DC150 + 3Ă—DC350,1,1,2,3,519.94,502.63,5937.68,9163.2,16123.46,920.0,920.0,26,23,3,26,0,100.0,2783.7,3131.0,112.5,1.8,0.0019,optimal,False
2025-06-10,42,1Ă—L2 + 4Ă—DC50 + 5Ă—DC150 + 6Ă—DC350,1,4,5,6,1158.91,587.49,5744.06,8466.0,15956.46,890.0,850.0,30,26,4,30,0,100.0,3413.6,3893.0,114.0,0.2,0.0454,optimal,False
2025-09-25,43,1Ă—DC50 + 2Ă—DC150 + 3Ă—DC350,0,1,2,3,511.59,734.77,8196.58,6474.0,15916.94,1270.0,650.0,39,33,6,39,0,100.0,4510.3,5130.0,113.7,0.3,0.0026,optimal,False
2025-05-13,44,2Ă—DC50 + 5Ă—DC150 + 2Ă—DC350,0,2,5,2,615.0,488.28,7680.26,6972.0,15755.55,1190.0,700.0,30,26,4,30,0,100.0,3296.2,3930.8,119.3,0.5,0.005,optimal,False
2026-04-08,45,3Ă—DC50 + 6Ă—DC150 + 3Ă—DC350,0,3,6,3,827.99,274.05,5744.06,8864.4,15710.5,890.0,890.0,13,11,2,13,0,100.0,1965.2,2052.0,104.4,0.2,0.0458,optimal,False
2026-01-14,46,1Ă—L2 + 1Ă—DC50 + 3Ă—DC350,1,1,0,3,393.93,306.5,5867.98,9055.63,15624.03,909.2,909.2,20,16,4,20,0,100.0,2213.8,2457.3,111.0,1.2,0.0234,optimal,False
2025-12-02,47,1Ă—DC50 + 3Ă—DC150 + 2Ă—DC350,0,1,3,2,456.8,331.02,5808.6,8964.0,15560.42,900.0,900.0,23,21,2,23,0,100.0,2390.8,2821.5,118.0,0.1,0.0372,optimal,False
2025-05-16,48,1Ă—DC50 + 2Ă—DC150 + 2Ă—DC350,0,1,2,2,393.79,458.4,6454.0,8167.2,15473.4,1000.0,820.0,26,24,2,26,0,100.0,3417.3,3813.8,111.6,1.1,0.0357,optimal,False
2025-10-29,49,1Ă—L2 + 2Ă—DC50 + 3Ă—DC150 + 3Ă—DC350,1,2,3,3,615.14,386.35,6776.7,7669.2,15447.39,1050.0,770.0,25,23,2,25,0,100.0,2880.1,3430.3,119.1,0.1,0.0422,optimal,False
2025-10-20,50,1Ă—DC50 + 2Ă—DC150 + 2Ă—DC350,0,1,2,2,393.79,583.6,6260.38,8167.2,15404.97,970.0,820.0,31,26,5,31,0,100.0,4091.8,4691.2,114.7,0.7,0.0347,optimal,False
2026-03-03,51,1Ă—DC50 + 1Ă—DC150 + 3Ă—DC350,0,1,1,3,448.58,300.65,5744.06,8864.4,15357.69,890.0,890.0,17,12,5,17,0,100.0,2210.6,2340.0,105.9,0.5,0.0457,optimal,False
2025-09-23,52,2Ă—DC150 + 3Ă—DC350,0,0,2,3,479.4,622.87,7228.48,6972.0,15302.75,1120.0,700.0,30,28,2,30,0,100.0,3273.0,4061.2,124.1,0.1,0.0002,optimal,False
2025-12-17,53,1Ă—DC150 + 3Ă—DC350,0,0,1,3,416.39,376.71,6776.7,7669.2,15239.0,1050.0,770.0,24,22,2,24,0,100.0,2917.1,3458.2,118.6,0.6,0.0019,optimal,False
2025-12-18,54,1Ă—DC50 + 3Ă—DC150 + 3Ă—DC350,0,1,3,3,574.59,405.87,8777.44,5478.0,15235.9,1360.0,550.0,27,23,4,27,0,100.0,3172.8,3645.0,114.9,1.7,0.0345,optimal,False
2026-03-10,55,1Ă—L2 + 1Ă—DC50 + 3Ă—DC150 + 2Ă—DC350,1,1,3,2,465.15,435.17,7351.11,6862.44,15113.87,1139.0,689.0,22,20,2,22,0,100.0,3249.5,3562.2,109.6,62.6,0.0785,suboptimal,False
2026-01-22,56,1Ă—DC50 + 1Ă—DC150 + 2Ă—DC350,0,1,1,2,330.79,647.97,5485.9,8466.0,14930.66,850.0,850.0,36,31,5,36,0,100.0,4953.8,5568.8,112.4,0.9,0.0023,optimal,False
2025-11-18,57,1Ă—DC50 + 2Ă—DC150 + 2Ă—DC350,0,1,2,2,393.79,400.79,6260.38,7868.4,14923.36,970.0,790.0,22,16,6,22,0,100.0,3102.7,3350.2,108.0,0.3,0.0335,optimal,False
2025-09-03,58,1Ă—DC50 + 2Ă—DC150 + 4Ă—DC350,0,1,2,4,629.38,339.12,5485.9,8466.0,14920.4,850.0,850.0,16,16,0,16,0,100.0,1711.0,2126.2,124.3,0.1,0.0375,optimal,False
2025-08-27,59,1Ă—DC50 + 2Ă—DC150 + 2Ă—DC350,0,1,2,2,393.79,531.09,5485.9,8466.0,14876.78,850.0,850.0,26,22,4,26,0,100.0,3122.8,3548.2,113.6,8.8,0.0005,optimal,False
2025-07-29,60,1Ă—L2 + 3Ă—DC50 + 1Ă—DC150 + 6Ă—DC350,1,3,1,6,874.7,629.89,6776.7,6474.0,14755.29,1050.0,650.0,32,25,7,32,0,100.0,3850.5,4307.2,111.9,0.1,0.038,optimal,False
2026-04-30,61,1Ă—L2 + 1Ă—DC50 + 3Ă—DC150 + 3Ă—DC350,1,1,3,3,582.95,493.59,9681.0,3984.0,14741.54,1500.0,400.0,31,30,1,31,0,100.0,3725.6,4433.9,119.0,3.7,0.0356,optimal,False
2025-06-02,62,1Ă—DC50 + 2Ă—DC150 + 2Ă—DC350,0,1,2,2,393.79,387.49,5485.9,8466.0,14733.19,850.0,850.0,19,17,2,19,0,100.0,2378.8,2605.5,109.5,0.2,0.0017,optimal,False
2026-03-17,63,1Ă—DC150 + 2Ă—DC350,0,0,1,2,298.6,481.97,5485.9,8466.0,14732.46,850.0,850.0,27,24,3,27,0,100.0,3066.7,3791.2,123.6,0.2,0.0006,optimal,False
2026-02-24,64,1Ă—DC50 + 2Ă—DC150 + 3Ă—DC350,0,1,2,3,511.59,419.75,7615.72,6175.2,14722.26,1180.0,620.0,25,22,3,25,0,100.0,3358.2,3881.2,115.6,0.5,0.0,optimal,False
2025-12-09,65,2Ă—L2 + 3Ă—DC50 + 1Ă—DC150 + 3Ă—DC350,2,3,1,3,529.67,322.43,5356.82,8266.8,14475.72,830.0,830.0,19,17,2,19,0,100.0,2159.9,2468.0,114.3,0.3,0.009,optimal,False
2025-06-23,66,1Ă—L2 + 1Ă—DC50 + 1Ă—DC150 + 2Ă—DC350,1,1,1,2,339.14,447.61,5366.5,8281.74,14434.99,831.5,831.5,22,19,3,22,0,100.0,2484.6,2792.4,112.4,0.2,0.0165,optimal,False
2025-05-05,67,1Ă—DC50 + 1Ă—DC150 + 3Ă—DC350,0,1,1,3,448.58,588.75,7744.8,5478.0,14260.13,1200.0,550.0,39,34,5,39,0,100.0,4637.7,5247.0,113.1,1.1,0.0341,optimal,False
2025-07-28,68,1Ă—L2 + 1Ă—DC150 + 4Ă—DC350,1,0,1,4,542.54,661.52,6384.3,6665.23,14253.6,989.2,669.2,33,27,6,33,0,100.0,3908.8,4451.9,113.9,0.1,0.0395,optimal,False
2025-08-06,69,1Ă—DC50 + 4Ă—DC150 + 2Ă—DC350,0,1,4,2,519.81,446.83,8196.58,4980.0,14143.21,1270.0,500.0,22,21,1,22,0,100.0,2423.6,3026.2,124.9,0.1,0.0421,optimal,False
2025-09-09,70,1Ă—L2 + 2Ă—DC50 + 4Ă—DC150 + 6Ă—DC350,1,2,4,6,1031.53,552.64,5550.44,6972.0,14106.61,860.0,700.0,29,27,2,29,0,100.0,2989.8,3634.9,121.6,0.1,0.05,optimal,False
2025-10-15,71,1Ă—DC50 + 1Ă—DC150 + 4Ă—DC350,0,1,1,4,566.38,319.9,5485.9,7669.2,14041.38,850.0,770.0,18,14,4,18,0,100.0,2431.0,2603.2,107.1,0.1,0.0353,optimal,False
2025-08-20,72,1Ă—L2 + 2Ă—DC50 + 2Ă—DC150 + 2Ă—DC350,1,2,2,2,434.34,625.35,6454.0,6474.0,13987.68,1000.0,650.0,31,26,5,31,0,100.0,3684.9,4241.1,115.1,9.9,0.0055,optimal,False
2026-01-27,73,1Ă—DC50 + 2Ă—DC150 + 2Ă—DC350,0,1,2,2,393.79,529.77,6776.7,6175.2,13875.46,1050.0,620.0,31,28,3,31,0,100.0,3819.2,4509.0,118.1,0.4,0.0256,optimal,False
2025-09-24,74,1Ă—DC50 + 1Ă—DC150 + 6Ă—DC350,0,1,1,6,801.97,736.23,7293.02,4980.0,13811.22,1130.0,500.0,40,37,3,40,0,100.0,4066.6,5078.2,124.9,0.1,0.039,optimal,False
2025-07-23,75,1Ă—L2 + 2Ă—DC50 + 2Ă—DC150 + 3Ă—DC350,1,2,2,3,552.13,516.76,8712.9,3984.0,13765.79,1350.0,400.0,24,24,0,24,0,100.0,2587.6,3191.9,123.4,3.9,0.0413,optimal,False
2025-07-24,76,1Ă—DC50 + 2Ă—DC150 + 3Ă—DC350,0,1,2,3,511.59,531.97,8002.96,4681.2,13727.72,1240.0,470.0,28,25,3,28,0,100.0,2996.2,3609.0,120.5,0.6,0.0386,optimal,False
2025-07-01,77,4Ă—DC50 + 2Ă—DC150 + 3Ă—DC350,0,4,2,3,608.15,448.53,4969.58,7669.2,13695.46,770.0,770.0,18,15,3,18,0,100.0,2689.3,2913.8,108.3,0.1,0.0248,optimal,False
2025-07-09,78,2Ă—DC50 + 1Ă—DC150 + 2Ă—DC350,0,2,1,2,362.97,623.66,4969.58,7669.2,13625.41,770.0,770.0,28,26,2,28,0,100.0,3564.3,4113.0,115.4,2.4,0.0042,optimal,False
2025-05-28,79,1Ă—L2 + 1Ă—DC50 + 4Ă—DC150 + 2Ă—DC350,1,1,4,2,528.16,505.29,5808.6,6772.8,13614.85,900.0,680.0,32,28,4,32,0,100.0,3801.8,4300.4,113.1,8.2,0.0043,optimal,False
2026-04-22,80,1Ă—DC50 + 3Ă—DC350,0,1,0,3,385.57,442.04,6066.76,6673.2,13567.57,940.0,670.0,25,16,9,25,0,100.0,3754.6,3858.8,102.8,0.5,0.0494,optimal,False
2025-10-27,81,2Ă—L2 + 1Ă—DC50 + 3Ă—DC150 + 3Ă—DC350,2,1,3,3,591.31,436.27,7551.18,4980.0,13558.76,1170.0,500.0,28,25,3,28,0,100.0,3311.4,3710.2,112.0,0.2,0.0047,optimal,False
2025-12-04,82,2Ă—DC150 + 2Ă—DC350,0,0,2,2,361.6,258.56,6454.0,6474.0,13548.16,1000.0,650.0,16,13,3,16,0,100.0,1995.2,2198.2,110.2,0.0,0.0,optimal,False
2026-01-29,83,1Ă—L2 + 1Ă—DC50 + 1Ă—DC150 + 3Ă—DC350,1,1,1,3,456.94,527.85,5550.44,6972.0,13507.23,860.0,700.0,30,24,6,30,0,100.0,4023.6,4380.8,108.9,32.2,0.0021,optimal,False
2026-02-03,84,2Ă—DC50 + 3Ă—DC350,0,2,0,3,417.76,385.74,5679.52,6972.0,13455.02,880.0,700.0,21,15,6,21,0,100.0,3006.3,3195.0,106.3,0.2,0.0057,optimal,False
2026-03-18,85,1Ă—DC50 + 2Ă—DC150 + 2Ă—DC350,0,1,2,2,393.79,649.11,4969.58,7370.4,13382.88,770.0,740.0,35,30,5,35,0,100.0,4457.7,5197.5,116.6,1.2,0.0115,optimal,False
2025-06-09,86,2Ă—L2 + 2Ă—DC150 + 2Ă—DC350,2,0,2,2,378.31,548.35,5287.12,7163.23,13377.01,819.2,719.2,28,25,3,28,0,100.0,3176.5,3637.8,114.5,0.8,0.0272,optimal,False
2025-10-21,87,2Ă—L2 + 1Ă—DC50 + 3Ă—DC150 + 2Ă—DC350,2,1,3,2,473.51,457.37,7422.1,4980.0,13332.98,1150.0,500.0,23,19,4,23,0,100.0,3149.5,3541.4,112.4,1.1,0.0277,optimal,False
2026-04-15,88,1Ă—L2 + 1Ă—DC50 + 1Ă—DC150 + 3Ă—DC350,1,1,1,3,456.94,452.84,5421.36,6972.0,13303.14,840.0,700.0,28,16,12,28,0,100.0,4005.9,4040.0,100.9,1.4,0.0467,optimal,False
2025-06-30,89,1Ă—L2 + 4Ă—DC50 + 2Ă—DC150 + 3Ă—DC350,1,4,2,3,616.51,618.19,4969.58,7071.6,13275.88,770.0,710.0,31,28,3,31,0,100.0,3631.7,4174.6,114.9,0.2,0.0194,optimal,False
2026-01-12,90,1Ă—L2 + 1Ă—DC50 + 3Ă—DC150 + 2Ă—DC350,1,1,3,2,465.15,353.92,4969.58,7470.0,13258.66,770.0,750.0,23,20,3,23,0,100.0,2463.5,2952.2,119.8,0.6,0.0395,optimal,False
2026-04-20,91,1Ă—L2 + 3Ă—DC50 + 3Ă—DC150 + 2Ă—DC350,1,3,3,2,529.53,377.99,6131.3,6175.2,13214.02,950.0,620.0,22,19,3,22,0,100.0,2773.9,3108.9,112.1,0.3,0.0094,optimal,False
2025-10-22,92,1Ă—L2 + 1Ă—DC50 + 1Ă—DC150 + 3Ă—DC350,1,1,1,3,456.94,477.88,6776.7,5478.0,13189.52,1050.0,550.0,27,23,4,27,0,100.0,3302.7,3941.2,119.3,0.2,0.0404,optimal,False
2026-04-07,93,2Ă—DC50 + 3Ă—DC150 + 2Ă—DC350,0,2,3,2,488.99,353.84,6131.3,6175.2,13149.33,950.0,620.0,23,20,3,23,0,100.0,2736.1,3123.0,114.1,5.5,0.0029,optimal,False
2025-05-22,94,1Ă—L2 + 4Ă—DC150 + 3Ă—DC350,1,0,4,3,613.77,656.37,8196.58,3677.23,13143.95,1270.0,369.2,38,35,3,38,0,100.0,4190.3,5270.4,125.8,0.1,0.0473,optimal,False
2025-08-07,95,1Ă—L2 + 1Ă—DC150 + 4Ă—DC350,1,0,1,4,542.54,766.78,8126.88,3677.23,13113.43,1259.2,369.2,36,30,6,36,0,100.0,4632.7,5364.0,115.8,0.9,0.025,optimal,False
2025-12-08,96,1Ă—DC50 + 1Ă—DC150 + 3Ă—DC350,0,1,1,3,448.58,389.6,7228.48,4980.0,13046.66,1120.0,500.0,26,23,3,26,0,100.0,2983.0,3507.8,117.6,0.3,0.001,optimal,False
2026-03-30,97,1Ă—DC50 + 1Ă—DC150 + 4Ă—DC350,0,1,1,4,566.38,454.45,8519.28,3486.0,13026.1,1320.0,350.0,29,24,5,29,0,100.0,3870.3,4261.5,110.1,0.4,0.0028,optimal,False
2026-03-04,98,2Ă—DC50 + 1Ă—DC150 + 4Ă—DC350,0,2,1,4,598.56,430.61,8454.74,3486.0,12969.92,1310.0,350.0,27,20,7,27,0,100.0,3671.7,3881.2,105.7,0.1,0.0429,optimal,False
2025-06-12,99,1Ă—L2 + 2Ă—DC50 + 1Ă—DC150 + 2Ă—DC350,1,2,1,2,371.33,746.48,4840.5,6972.0,12930.3,750.0,700.0,31,28,3,31,0,100.0,4360.3,4883.0,112.0,5.3,0.0296,optimal,False
2025-05-06,100,1Ă—DC50 + 1Ă—DC150 + 2Ă—DC350,0,1,1,2,330.79,449.28,4775.96,7370.4,12926.42,740.0,740.0,32,26,6,32,0,100.0,3434.3,3732.8,108.7,0.2,0.003,optimal,False
2025-06-18,101,1Ă—L2 + 1Ă—DC50 + 1Ă—DC150 + 2Ă—DC350,1,1,1,2,339.14,637.35,4969.58,6972.0,12918.07,770.0,700.0,33,26,7,33,0,100.0,3884.3,4314.5,111.1,0.5,0.0047,optimal,False
2025-08-28,102,1Ă—DC50 + 2Ă—DC150 + 2Ă—DC350,0,1,2,2,393.79,558.21,5485.9,6474.0,12911.9,850.0,650.0,31,26,5,31,0,100.0,3195.2,3728.2,116.7,0.9,0.0094,optimal,False
2025-08-21,103,1Ă—DC50 + 1Ă—DC150 + 3Ă—DC350,0,1,1,3,448.58,584.9,5679.52,6175.2,12888.2,880.0,620.0,31,25,6,31,0,100.0,3647.0,4036.5,110.7,0.8,0.0027,optimal,False
2026-04-27,104,2Ă—L2 + 1Ă—DC50 + 2Ă—DC150 + 2Ă—DC350,2,1,2,2,410.5,435.7,4969.58,6972.0,12787.78,770.0,700.0,27,22,5,27,0,100.0,3291.0,3715.8,112.9,1.0,0.005,optimal,False
2025-12-11,105,1Ă—L2 + 1Ă—DC50 + 1Ă—DC150 + 2Ă—DC350,1,1,1,2,339.14,488.46,5485.9,6474.0,12787.5,850.0,650.0,31,29,2,31,0,100.0,3650.5,4355.0,119.3,2.4,0.0041,optimal,False
2025-12-30,106,1Ă—L2 + 1Ă—DC50 + 2Ă—DC150 + 3Ă—DC350,1,1,2,3,519.94,447.5,8132.04,3677.23,12776.71,1260.0,369.2,28,26,2,28,0,100.0,3343.9,4038.8,120.8,3.0,0.043,optimal,False
2025-09-04,107,2Ă—DC150 + 2Ă—DC350,0,0,2,2,361.6,383.68,5550.44,6474.0,12769.73,860.0,650.0,17,14,3,17,0,100.0,1923.9,2362.5,122.8,0.0,0.0,optimal,False
2025-05-27,108,1Ă—L2 + 3Ă—DC50 + 4Ă—DC150 + 2Ă—DC350,1,3,4,2,592.54,290.67,6712.16,5171.23,12766.6,1040.0,519.2,23,18,5,23,0,100.0,2336.7,2628.4,112.5,0.2,0.0232,optimal,False
2025-11-12,109,1Ă—DC50 + 1Ă—DC150 + 3Ă—DC350,0,1,1,3,448.58,358.86,7228.48,4681.2,12717.12,1120.0,470.0,22,20,2,22,0,100.0,2722.9,3183.8,116.9,0.3,0.0387,optimal,False
2025-10-28,110,1Ă—L2 + 2Ă—DC50 + 3Ă—DC150 + 3Ă—DC350,1,2,3,3,615.14,331.63,6776.7,4980.0,12703.47,1050.0,500.0,19,17,2,19,0,100.0,2480.3,2901.3,117.0,0.1,0.0499,optimal,False
2025-07-31,111,2Ă—DC50 + 3Ă—DC150 + 2Ă—DC350,0,2,3,2,488.99,619.33,5937.68,5478.0,12524.0,920.0,550.0,27,19,8,27,0,100.0,3637.8,4045.5,111.2,1.2,0.0464,optimal,False
2025-07-03,112,1Ă—L2 + 1Ă—DC50 + 2Ă—DC150 + 2Ă—DC350,1,1,2,2,402.15,399.96,4582.34,7071.6,12456.05,710.0,710.0,21,17,4,21,0,100.0,2203.2,2562.3,116.3,2.6,0.0008,optimal,False
2025-12-10,113,2Ă—L2 + 6Ă—DC50 + 2Ă—DC150 + 2Ă—DC350,2,6,2,2,571.44,436.74,6454.0,4980.0,12442.18,1000.0,500.0,31,26,5,31,0,100.0,3216.4,3711.5,115.4,0.7,0.0193,optimal,False
2025-08-26,114,1Ă—DC50 + 1Ă—DC150 + 4Ă—DC350,0,1,1,4,566.38,404.64,6454.0,4980.0,12405.02,1000.0,500.0,20,17,3,20,0,100.0,2246.5,2517.8,112.1,0.1,0.0385,optimal,False
2025-09-11,115,1Ă—L2 + 1Ă—DC50 + 2Ă—DC150 + 2Ă—DC350,1,1,2,2,402.15,565.2,6454.0,4980.0,12401.35,1000.0,500.0,26,23,3,26,0,100.0,3213.0,3811.3,118.6,0.8,0.0006,optimal,False
2025-10-23,116,1Ă—L2 + 1Ă—DC50 + 1Ă—DC150 + 3Ă—DC350,1,1,1,3,456.94,454.55,6260.38,5171.23,12343.09,970.0,519.2,28,22,6,28,0,100.0,3451.9,3981.7,115.3,0.4,0.0188,optimal,False
2025-06-11,117,1Ă—L2 + 1Ă—DC50 + 2Ă—DC150 + 2Ă—DC350,1,1,2,2,402.15,487.14,5163.2,6175.2,12227.69,800.0,620.0,22,17,5,22,0,100.0,3097.7,3349.9,108.1,1.3,0.0016,optimal,False
2025-06-16,118,1Ă—DC50 + 1Ă—DC150 + 3Ă—DC350,0,1,1,3,448.58,621.2,7551.18,3585.6,12206.56,1170.0,360.0,31,25,6,31,0,100.0,3664.1,4063.5,110.9,0.2,0.0012,optimal,False
2025-08-12,119,1Ă—L2 + 2Ă—DC150 + 3Ă—DC350,1,0,2,3,487.75,392.67,7809.34,3486.0,12175.77,1210.0,350.0,21,18,3,21,0,100.0,2302.3,2627.2,114.1,0.9,0.0108,optimal,False
2025-10-02,120,1Ă—DC50 + 1Ă—DC150 + 3Ă—DC350,0,1,1,3,448.58,404.72,7744.8,3486.0,12084.1,1200.0,350.0,25,23,2,25,0,100.0,2826.0,3591.0,127.1,0.3,0.0176,optimal,False
2025-07-15,121,3Ă—DC50 + 1Ă—DC150 + 2Ă—DC350,0,3,1,2,395.16,673.95,4517.8,6474.0,12060.92,700.0,650.0,31,30,1,31,0,100.0,3524.5,4331.2,122.9,0.2,0.0093,optimal,False
2025-10-01,122,1Ă—L2 + 2Ă—DC50 + 3Ă—DC150 + 6Ă—DC350,1,2,3,6,968.52,362.88,7228.48,3486.0,12045.88,1120.0,350.0,27,22,5,27,0,100.0,2758.4,3296.9,119.5,0.4,0.048,optimal,False
2025-11-05,123,3Ă—DC50 + 2Ă—DC150 + 3Ă—DC350,0,3,2,3,575.96,377.0,7551.18,3486.0,11990.14,1170.0,350.0,24,19,5,24,0,100.0,2922.4,3222.0,110.3,0.2,0.0387,optimal,False
2025-10-30,124,1Ă—DC50 + 1Ă—DC150 + 2Ă—DC350,0,1,1,2,330.79,185.98,5292.28,6175.2,11984.24,820.0,620.0,11,9,2,11,0,100.0,1426.5,1635.8,114.7,2.3,0.0026,optimal,False
2025-07-08,125,1Ă—L2 + 1Ă—DC50 + 1Ă—DC150 + 5Ă—DC350,1,1,1,5,692.53,364.29,5937.68,4980.0,11974.5,920.0,500.0,19,16,3,19,0,100.0,2219.5,2402.4,108.2,0.4,0.022,optimal,False
2025-10-16,126,1Ă—DC50 + 2Ă—DC150 + 2Ă—DC350,0,1,2,2,393.79,339.82,4646.88,6474.0,11854.49,720.0,650.0,21,17,4,21,0,100.0,2678.0,2943.0,109.9,0.7,0.0026,optimal,False
2025-09-29,127,1Ă—L2 + 1Ă—DC50 + 1Ă—DC150 + 3Ă—DC350,1,1,1,3,456.94,628.56,6776.7,3984.0,11846.19,1050.0,400.0,28,26,2,28,0,100.0,3612.2,4301.2,119.1,0.9,0.0471,optimal,False
2025-08-19,128,2Ă—L2 + 1Ă—DC50 + 2Ă—DC150 + 2Ă—DC350,2,1,2,2,410.5,426.95,5608.53,5360.47,11806.45,869.0,538.2,23,17,6,23,0,100.0,2543.2,2793.9,109.9,0.8,0.0464,optimal,False
2026-01-25,129,2Ă—DC350,0,0,0,2,235.59,77.74,4517.8,6972.0,11803.13,700.0,700.0,4,3,1,4,0,100.0,495.8,553.5,111.6,0.0,0.0,optimal,False
2025-08-13,130,1Ă—L2 + 1Ă—DC50 + 2Ă—DC150 + 2Ă—DC350,1,1,2,2,402.15,489.37,4269.32,6588.54,11749.38,661.5,661.5,23,20,3,23,0,100.0,2775.4,3062.7,110.4,0.6,0.0212,optimal,False
2025-08-18,131,1Ă—L2 + 1Ă—DC50 + 1Ă—DC150 + 3Ă—DC350,1,1,1,3,456.94,506.91,6776.7,3984.0,11724.55,1050.0,400.0,25,23,2,25,0,100.0,2810.2,3219.0,114.5,1.1,0.0472,optimal,False
2025-09-17,132,2Ă—DC150 + 2Ă—DC350,0,0,2,2,361.6,601.56,5550.44,4980.0,11493.61,860.0,500.0,32,26,6,32,0,100.0,3471.3,4070.2,117.3,0.2,0.0,optimal,False
2026-02-09,133,1Ă—L2 + 1Ă—DC50 + 1Ă—DC150 + 2Ă—DC350,1,1,1,2,339.14,426.35,4517.8,6175.2,11458.49,700.0,620.0,26,23,3,26,0,100.0,3320.3,3743.3,112.7,3.2,0.0051,optimal,False
2025-09-16,134,1Ă—L2 + 1Ă—DC150 + 2Ă—DC350,1,0,1,2,306.95,457.11,4195.1,6474.0,11433.16,650.0,650.0,21,18,3,21,0,100.0,2622.2,2937.7,112.0,2.5,0.001,optimal,False
2025-12-29,135,1Ă—L2 + 1Ă—DC50 + 1Ă—DC150 + 4Ă—DC350,1,1,1,4,574.73,353.64,6776.7,3486.0,11191.07,1050.0,350.0,24,20,4,24,0,100.0,2741.4,3253.9,118.7,0.1,0.044,optimal,False
2026-03-05,136,1Ă—DC50 + 3Ă—DC150 + 2Ă—DC350,0,1,3,2,456.8,386.08,6776.7,3486.0,11105.58,1050.0,350.0,25,21,4,25,0,100.0,3087.8,3575.2,115.8,3.2,0.0323,optimal,False
2026-01-26,137,1Ă—L2 + 1Ă—DC50 + 1Ă—DC150 + 2Ă—DC350,1,1,1,2,339.14,390.02,4195.1,6175.2,11099.46,650.0,620.0,21,17,4,21,0,100.0,2766.0,3119.6,112.8,0.4,0.0014,optimal,False
2025-05-21,138,1Ă—L2 + 2Ă—DC150 + 2Ă—DC350,1,0,2,2,369.96,524.08,4969.58,5171.23,11034.85,770.0,519.2,30,27,3,30,0,100.0,3346.6,3906.7,116.7,0.1,0.0207,optimal,False
2025-07-02,139,1Ă—L2 + 1Ă—DC50 + 3Ă—DC150 + 2Ă—DC350,1,1,3,2,465.15,533.17,5034.12,4980.0,11012.44,780.0,500.0,27,21,6,27,0,100.0,3397.5,3699.2,108.9,3.0,0.0042,optimal,False
2025-11-17,140,1Ă—L2 + 1Ă—DC50 + 1Ă—DC150 + 2Ă—DC350,1,1,1,2,339.14,420.0,5485.9,4681.2,10926.24,850.0,470.0,26,23,3,26,0,100.0,3022.5,3546.9,117.3,0.1,0.0041,optimal,False
2026-04-02,141,1Ă—L2 + 2Ă—DC150 + 2Ă—DC350,1,0,2,2,369.96,378.08,5285.83,4870.44,10904.3,819.0,489.0,24,21,3,24,0,100.0,2836.4,3321.4,117.1,0.9,0.0344,optimal,False
2026-01-28,142,2Ă—L2 + 1Ă—DC50 + 1Ă—DC150 + 2Ă—DC350,2,1,1,2,347.5,535.62,4517.8,5478.0,10878.92,700.0,550.0,29,27,2,29,0,100.0,3645.0,4301.4,118.0,1.1,0.047,optimal,False
2026-01-08,143,2Ă—DC150 + 4Ă—DC350,0,0,2,4,597.19,539.99,9164.68,547.8,10849.67,1420.0,55.0,38,31,7,38,0,100.0,4621.2,5173.9,112.0,1.8,0.0011,optimal,False
2025-09-30,144,1Ă—DC150 + 4Ă—DC350,0,0,1,4,534.19,552.51,6260.38,3486.0,10833.07,970.0,350.0,26,23,3,26,0,100.0,3082.7,3775.5,122.5,0.1,0.0384,optimal,False
2025-11-20,145,1Ă—L2 + 1Ă—DC50 + 1Ă—DC150 + 3Ă—DC350,1,1,1,3,456.94,257.34,6583.08,3486.0,10783.36,1020.0,350.0,16,13,3,16,0,100.0,2022.0,2242.2,110.9,0.1,0.0335,optimal,False
2025-08-11,146,1Ă—L2 + 1Ă—DC50 + 1Ă—DC150 + 2Ă—DC350,1,1,1,2,339.14,471.49,4969.58,4980.0,10760.21,770.0,500.0,23,20,3,23,0,100.0,2851.8,3252.7,114.1,1.1,0.0039,optimal,False
2026-01-09,147,1Ă—DC50 + 3Ă—DC350,0,1,0,3,385.57,291.89,6583.08,3486.0,10746.54,1020.0,350.0,19,14,5,19,0,100.0,2416.6,2696.6,111.6,0.2,0.0326,optimal,False
2025-05-08,148,1Ă—DC50 + 2Ă—DC150 + 3Ă—DC350,0,1,2,3,511.59,515.1,8196.58,1494.0,10717.27,1270.0,150.0,33,29,4,33,0,100.0,4062.3,4713.8,116.0,0.8,0.005,optimal,False
2026-04-01,149,2Ă—L2 + 1Ă—DC50 + 2Ă—DC150 + 2Ă—DC350,2,1,2,2,410.5,335.47,4969.58,4980.0,10695.55,770.0,500.0,20,18,2,20,0,100.0,2414.6,2805.7,116.2,3.5,0.0112,optimal,False
2025-10-07,150,2Ă—DC50 + 2Ă—DC150 + 2Ă—DC350,0,2,2,2,425.98,602.81,4969.58,4681.2,10679.57,770.0,470.0,34,29,5,34,0,100.0,4408.7,4981.5,113.0,0.4,0.0368,optimal,False
2025-07-07,151,1Ă—L2 + 1Ă—DC50 + 2Ă—DC150 + 2Ă—DC350,1,1,2,2,402.15,485.52,4195.1,5577.6,10660.37,650.0,560.0,23,21,2,23,0,100.0,2663.2,3217.0,120.8,0.3,0.0107,optimal,False
2025-07-16,152,1Ă—L2 + 1Ă—DC50 + 3Ă—DC150 + 2Ă—DC350,1,1,3,2,465.15,516.71,6131.3,3486.0,10599.16,950.0,350.0,27,21,6,27,0,100.0,3108.2,3441.7,110.7,0.3,0.0016,optimal,False
2026-01-20,153,2Ă—DC50 + 2Ă—DC150 + 2Ă—DC350,0,2,2,2,425.98,370.77,6260.38,3486.0,10543.13,970.0,350.0,25,21,4,25,0,100.0,2763.4,3290.6,119.1,0.3,0.0074,optimal,False
2025-07-21,154,2Ă—DC50 + 3Ă—DC150 + 2Ă—DC350,0,2,3,2,488.99,628.68,5937.68,3486.0,10541.34,920.0,350.0,35,24,11,35,0,100.0,3901.1,4250.2,109.0,3.2,0.0068,optimal,False
2026-03-12,155,2Ă—DC50 + 2Ă—DC150 + 3Ă—DC350,0,2,2,3,543.78,428.29,7228.48,2290.8,10491.35,1120.0,230.0,27,25,2,27,0,100.0,3126.5,3795.8,121.4,0.9,0.05,optimal,False
2026-04-21,156,1Ă—DC50 + 1Ă—DC150 + 2Ă—DC350,0,1,1,2,330.79,362.38,4775.96,4980.0,10449.12,740.0,500.0,26,21,5,26,0,100.0,2850.6,3246.8,113.9,0.7,0.0,optimal,False
2025-11-25,157,1Ă—L2 + 3Ă—DC350,1,0,0,3,361.74,330.14,6260.38,3486.0,10438.26,970.0,350.0,22,17,5,22,0,100.0,2769.5,3125.0,112.8,0.1,0.0007,optimal,False
2026-04-23,158,1Ă—L2 + 1Ă—DC150 + 4Ă—DC350,1,0,1,4,542.54,381.69,9487.38,0.0,10411.62,1470.0,0.0,27,18,9,27,0,100.0,3377.8,3630.7,107.5,0.5,0.0006,optimal,False
2026-04-06,159,3Ă—DC50 + 4Ă—DC150 + 1Ă—DC350,0,3,4,1,466.39,310.31,6131.3,3486.0,10394.0,950.0,350.0,19,16,3,19,0,100.0,2395.8,2700.0,112.7,0.2,0.0094,optimal,False
2025-07-30,160,2Ă—DC50 + 1Ă—DC150 + 3Ă—DC350,0,2,1,3,480.77,564.37,4195.1,4980.0,10220.24,650.0,500.0,25,23,2,25,0,100.0,3033.5,3696.8,121.9,0.1,0.0202,optimal,False
2025-11-03,161,2Ă—DC50 + 3Ă—DC150 + 2Ă—DC350,0,2,3,2,488.99,289.63,5937.68,3486.0,10202.29,920.0,350.0,18,16,2,18,0,100.0,2232.1,2535.8,113.6,0.1,0.0439,optimal,False
2026-01-21,162,1Ă—DC150 + 2Ă—DC350,0,0,1,2,298.6,382.17,5485.9,4033.8,10200.47,850.0,405.0,25,23,2,25,0,100.0,2514.2,3072.4,122.2,0.0,0.0,optimal,False
2026-02-05,163,2Ă—DC150 + 2Ă—DC350,0,0,2,2,361.6,364.31,5937.68,3486.0,10149.6,920.0,350.0,23,18,5,23,0,100.0,2970.6,3215.2,108.2,0.9,0.0029,optimal,False
2026-02-26,164,1Ă—L2 + 1Ă—DC50 + 2Ă—DC150 + 4Ă—DC350,1,1,2,4,637.74,517.02,7422.1,1494.0,10070.86,1150.0,150.0,37,31,6,37,0,100.0,4257.7,4774.1,112.1,2.1,0.0208,optimal,False
2025-09-27,165,1Ă—DC50 + 2Ă—DC150 + 3Ă—DC350,0,1,2,3,511.59,318.94,8712.9,498.0,10041.43,1350.0,50.0,16,16,0,16,0,100.0,1837.1,2362.5,128.6,0.4,0.0481,optimal,False
2025-08-05,166,1Ă—DC50 + 3Ă—DC150 + 2Ă—DC350,0,1,3,2,456.8,505.68,5485.9,3486.0,9934.38,850.0,350.0,26,23,3,26,0,100.0,2996.7,3512.2,117.2,0.4,0.0129,optimal,False
2025-05-09,167,1Ă—L2 + 2Ă—DC150 + 3Ă—DC350,1,0,2,3,487.75,534.55,7351.11,1494.0,9867.41,1139.0,150.0,40,38,2,40,0,100.0,3592.6,4469.6,124.4,0.5,0.02,optimal,False
2026-04-09,168,2Ă—DC150 + 3Ă—DC350,0,0,2,3,479.4,411.11,5485.9,3486.0,9862.4,850.0,350.0,27,25,2,27,0,100.0,3000.9,3633.8,121.1,0.1,0.0122,optimal,False
2025-06-03,169,1Ă—L2 + 1Ă—DC50 + 2Ă—DC150 + 1Ă—DC350,1,1,2,1,284.35,551.16,4001.48,4980.0,9816.99,620.0,500.0,29,26,3,29,0,100.0,3350.0,3853.3,115.0,0.7,0.0023,optimal,False
2026-04-28,170,1Ă—DC50 + 2Ă—DC150 + 2Ă—DC350,0,1,2,2,393.79,406.72,5485.9,3486.0,9772.41,850.0,350.0,26,24,2,26,0,100.0,3109.3,3636.0,116.9,0.3,0.0041,optimal,False
2025-05-29,171,2Ă—DC150 + 2Ă—DC350,0,0,2,2,361.6,388.22,5485.9,3486.0,9721.73,850.0,350.0,29,29,0,29,0,100.0,2861.4,3597.8,125.7,0.3,0.0005,optimal,False
2025-05-01,172,1Ă—DC50 + 1Ă—DC150 + 2Ă—DC350,0,1,1,2,330.79,406.04,5485.9,3486.0,9708.73,850.0,350.0,25,20,5,25,0,100.0,3167.8,3577.5,112.9,4.5,0.0061,optimal,False
2026-02-04,173,3Ă—DC50 + 1Ă—DC150 + 2Ă—DC350,0,3,1,2,395.16,304.35,5485.9,3486.0,9671.42,850.0,350.0,17,17,0,17,0,100.0,2170.3,2643.8,121.8,0.2,0.0357,optimal,False
2026-02-19,174,1Ă—L2 + 2Ă—DC150 + 2Ă—DC350,1,0,2,2,369.96,346.58,5414.91,3486.0,9617.44,839.0,350.0,24,20,4,24,0,100.0,2964.0,3271.9,110.4,0.1,0.0264,optimal,False
2026-02-23,175,1Ă—DC50 + 1Ă—DC150 + 2Ă—DC350,0,1,1,2,330.79,299.21,5485.9,3486.0,9601.89,850.0,350.0,18,16,2,18,0,100.0,2311.5,2688.8,116.3,1.2,0.0039,optimal,False
2025-06-04,176,1Ă—L2 + 1Ă—DC50 + 1Ă—DC150 + 6Ă—DC350,1,1,1,6,810.32,546.59,5550.44,2689.2,9596.55,860.0,270.0,32,27,5,32,0,100.0,3455.2,3879.9,112.3,0.1,0.0496,optimal,False
2025-09-12,177,3Ă—DC350,0,0,0,3,353.39,317.55,5292.28,3486.0,9449.22,820.0,350.0,18,16,2,18,0,100.0,1815.9,2279.2,125.5,0.0,0.0119,optimal,False
2025-07-22,178,1Ă—L2 + 1Ă—DC50 + 1Ă—DC150 + 2Ă—DC350,1,1,1,2,339.14,444.9,3614.24,4980.0,9378.28,560.0,500.0,24,21,3,24,0,100.0,2592.8,2961.9,114.2,0.2,0.0062,optimal,False
2025-08-04,179,3Ă—DC50 + 2Ă—DC150 + 2Ă—DC350,0,3,2,2,458.17,407.31,4969.58,3486.0,9321.06,770.0,350.0,19,15,4,19,0,100.0,2630.0,2787.8,106.0,0.5,0.0125,optimal,False
2025-12-15,180,1Ă—L2 + 2Ă—DC50 + 1Ă—DC150 + 3Ă—DC350,1,2,1,3,489.12,330.44,4775.96,3675.24,9270.76,740.0,369.0,24,20,4,24,0,100.0,2651.7,2996.9,113.0,1.2,0.0386,optimal,False
2026-02-25,181,1Ă—DC50 + 1Ă—DC150 + 2Ă—DC350,0,1,1,2,330.79,410.79,4517.8,3984.0,9243.38,700.0,400.0,24,21,3,24,0,100.0,3192.3,3609.0,113.1,0.2,0.0013,optimal,False
2025-06-27,182,2Ă—DC150 + 2Ă—DC350,0,0,2,2,361.6,308.59,6454.0,2091.6,9215.79,1000.0,210.0,18,15,3,18,0,100.0,1964.3,2198.2,111.9,0.1,0.0425,optimal,False
2026-03-02,183,2Ă—DC50 + 1Ă—DC150 + 2Ă—DC350,0,2,1,2,362.97,307.41,4775.96,3486.0,8932.35,740.0,350.0,20,11,9,20,0,100.0,2833.9,2769.8,97.7,0.5,0.0045,optimal,False
2025-11-04,184,2Ă—L2 + 1Ă—DC50 + 3Ă—DC350,2,1,0,3,402.28,404.03,4517.8,3486.0,8810.12,700.0,350.0,26,22,4,26,0,100.0,2919.4,3491.5,119.6,0.2,0.0125,optimal,False
2025-06-25,185,1Ă—L2 + 1Ă—DC50 + 2Ă—DC350,1,1,0,2,276.13,467.74,3227.0,4681.2,8652.07,500.0,470.0,23,20,3,23,0,100.0,2483.9,2847.5,114.6,0.5,0.0046,optimal,False
2026-04-16,186,1Ă—L2 + 1Ă—DC50 + 3Ă—DC150 + 2Ă—DC350,1,1,3,2,465.15,408.85,6518.54,1195.2,8587.74,1010.0,120.0,28,24,4,28,0,100.0,3207.2,3653.6,113.9,5.2,0.0023,optimal,False
2025-06-20,187,1Ă—L2 + 2Ă—DC50 + 3Ă—DC350,1,2,0,3,426.12,563.69,5866.69,1683.24,8539.74,909.0,169.0,33,26,7,33,0,100.0,3808.2,4033.7,105.9,2.2,0.0432,optimal,False
2026-03-19,188,1Ă—L2 + 1Ă—DC50 + 2Ă—DC150 + 1Ă—DC350,1,1,2,1,284.35,403.59,4317.73,3486.0,8491.67,669.0,350.0,28,19,9,28,0,100.0,2981.0,3377.2,113.3,0.7,0.0201,optimal,False
2025-07-10,189,2Ă—DC50 + 1Ă—DC150 + 2Ă—DC350,0,2,1,2,362.97,542.17,5485.9,2091.6,8482.64,850.0,210.0,29,27,2,29,0,100.0,3525.9,3928.5,111.4,2.0,0.0028,optimal,False
2025-09-28,190,1Ă—DC150 + 1Ă—DC350,0,0,1,1,180.8,94.47,3227.0,4980.0,8482.27,500.0,500.0,6,5,1,6,0,100.0,549.7,699.8,127.3,0.0,0.0,optimal,False
2025-11-10,191,2Ă—DC350,0,0,0,2,235.59,188.43,4517.8,3486.0,8427.82,700.0,350.0,11,10,1,11,0,100.0,1280.9,1606.5,125.4,0.0,0.0,optimal,False
2025-09-02,192,1Ă—DC150 + 3Ă—DC350,0,0,1,3,416.39,320.9,4195.1,3486.0,8418.39,650.0,350.0,16,14,2,16,0,100.0,1633.1,1991.2,121.9,0.0,0.034,optimal,False
2025-10-19,193,1Ă—DC150 + 2Ă—DC350,0,0,1,2,298.6,111.66,4517.8,3486.0,8414.06,700.0,350.0,6,6,0,6,0,100.0,640.0,888.8,138.9,0.0,0.0,optimal,False
2025-11-13,194,1Ă—DC50 + 4Ă—DC150 + 1Ă—DC350,0,1,4,1,402.01,273.26,4195.1,3486.0,8356.37,650.0,350.0,19,15,4,19,0,100.0,2078.3,2398.5,115.4,0.1,0.0339,optimal,False
2025-08-14,195,1Ă—L2 + 2Ă—DC150 + 2Ă—DC350,1,0,2,2,369.96,371.1,4582.34,2880.43,8203.83,710.0,289.2,20,17,3,20,0,100.0,1943.0,2307.5,118.8,5.1,0.0441,optimal,False
2025-05-10,196,2Ă—DC150 + 1Ă—DC350,0,0,2,1,243.81,105.28,4195.1,3486.0,8030.19,650.0,350.0,7,6,1,7,0,100.0,676.3,870.8,128.8,0.0,0.0,optimal,False
2026-01-13,197,1Ă—L2 + 1Ă—DC50 + 1Ă—DC150 + 2Ă—DC350,1,1,1,2,339.14,350.48,5485.9,1792.8,7968.32,850.0,180.0,25,22,3,25,0,100.0,2648.9,3047.6,115.1,0.8,0.0073,optimal,False
2025-07-18,198,1Ă—L2 + 2Ă—DC50 + 1Ă—DC150 + 2Ă—DC350,1,2,1,2,371.33,447.7,5614.98,1494.0,7928.01,870.0,150.0,25,22,3,25,0,100.0,2736.0,3212.0,117.4,2.1,0.0439,optimal,False
2026-02-18,199,2Ă—DC50 + 2Ă—DC150 + 2Ă—DC350,0,2,2,2,425.98,282.2,3614.24,3486.0,7808.42,560.0,350.0,18,15,3,18,0,100.0,2143.1,2522.2,117.7,0.1,0.0361,optimal,False
2025-06-06,200,1Ă—DC50 + 1Ă—DC150 + 2Ă—DC350,0,1,1,2,330.79,467.75,5485.9,1494.0,7778.43,850.0,150.0,26,24,2,26,0,100.0,3044.5,3433.5,112.8,0.7,0.0006,optimal,False
2026-04-13,201,2Ă—DC150 + 1Ă—DC350,0,0,2,1,243.81,439.81,3549.7,3486.0,7719.31,550.0,350.0,24,18,6,24,0,100.0,3118.4,3386.2,108.6,0.3,0.0,optimal,False
2025-10-06,202,2Ă—DC50 + 1Ă—DC150 + 2Ă—DC350,0,2,1,2,362.97,345.44,5808.6,1195.2,7712.22,900.0,120.0,25,21,4,25,0,100.0,2555.2,2947.5,115.4,0.1,0.0456,optimal,False
2026-02-20,203,1Ă—DC150 + 2Ă—DC350,0,0,1,2,298.6,225.72,3614.24,3486.0,7624.56,560.0,350.0,14,13,1,14,0,100.0,1550.5,1872.0,120.7,0.0,0.041,optimal,False
2026-01-05,204,2Ă—L2 + 1Ă—DC150 + 2Ă—DC350,2,0,1,2,315.31,387.51,4195.1,2689.2,7587.11,650.0,270.0,24,19,5,24,0,100.0,3187.9,3367.6,105.6,0.2,0.0085,optimal,False
2025-09-13,205,1Ă—DC50 + 1Ă—DC150 + 2Ă—DC350,0,1,1,2,330.79,269.73,5485.9,1494.0,7580.42,850.0,150.0,14,12,2,14,0,100.0,1664.1,1998.0,120.1,0.1,0.0492,optimal,False
2025-12-16,206,1Ă—L2 + 3Ă—DC50 + 2Ă—DC150 + 3Ă—DC350,1,3,2,3,584.32,487.46,6454.0,0.0,7525.78,1000.0,0.0,32,31,1,32,0,100.0,3758.9,4502.2,119.8,0.2,0.011,optimal,False
2025-07-14,207,1Ă—L2 + 3Ă—DC50 + 1Ă—DC150 + 1Ă—DC350,1,3,1,1,285.72,504.7,3227.0,3486.0,7503.43,500.0,350.0,24,22,2,24,0,100.0,2928.9,3404.9,116.3,0.2,0.0148,optimal,False
2025-07-11,208,2Ă—DC50 + 3Ă—DC150 + 1Ă—DC350,0,2,3,1,371.19,249.34,3227.0,3486.0,7333.53,500.0,350.0,12,12,0,12,0,100.0,1438.5,1701.0,118.2,0.1,0.0427,optimal,False
2025-11-06,209,1Ă—DC50 + 3Ă—DC150 + 2Ă—DC350,0,1,3,2,456.8,325.19,6454.0,-0.0,7235.99,1000.0,-0.0,22,16,6,22,0,100.0,2926.3,3181.5,108.7,0.6,0.0052,optimal,False
2025-05-23,210,1Ă—L2 + 1Ă—DC50 + 2Ă—DC150 + 2Ă—DC350,1,1,2,2,402.15,340.66,6454.0,0.0,7196.8,1000.0,0.0,22,20,2,22,0,100.0,2503.7,2885.7,115.3,3.1,0.0065,optimal,False
2025-12-12,211,2Ă—DC150 + 3Ă—DC350,0,0,2,3,479.4,230.12,6454.0,0.0,7163.52,1000.0,0.0,19,17,2,19,0,100.0,1934.2,2308.5,119.4,0.2,0.0479,optimal,False
2025-09-26,212,1Ă—DC50 + 3Ă—DC150 + 2Ă—DC350,0,1,3,2,456.8,400.65,6260.38,0.0,7117.83,970.0,0.0,23,22,1,23,0,100.0,2429.3,2967.8,122.2,1.1,0.0468,optimal,False
2025-12-25,213,1Ă—DC150 + 1Ă—DC350,0,0,1,1,180.8,152.67,3227.0,3486.0,7046.47,500.0,350.0,8,8,0,8,0,100.0,906.8,1147.5,126.5,0.4,0.0385,optimal,False
2026-01-16,214,1Ă—L2 + 1Ă—DC50 + 1Ă—DC150 + 3Ă—DC350,1,1,1,3,456.94,256.43,5744.06,547.8,7005.22,890.0,55.0,18,16,2,18,0,100.0,1891.7,2230.3,117.9,2.8,0.0028,optimal,False
2025-09-05,215,2Ă—DC350,0,0,0,2,235.59,259.15,4001.48,2490.0,6986.22,620.0,250.0,16,15,1,16,0,100.0,1578.1,1867.5,118.3,0.0,0.0,optimal,False
2025-06-26,216,1Ă—DC50 + 2Ă—DC350,0,1,0,2,267.78,312.58,3614.24,2689.2,6883.8,560.0,270.0,19,17,2,19,0,100.0,1825.3,2146.5,117.6,0.3,0.0089,optimal,False
2025-12-24,217,1Ă—DC50 + 3Ă—DC150 + 2Ă—DC350,0,1,3,2,456.8,381.34,5937.68,0.0,6775.82,920.0,0.0,25,22,3,25,0,100.0,3142.2,3550.5,113.0,0.7,0.0014,optimal,False
2025-05-02,218,1Ă—L2 + 1Ă—DC50 + 3Ă—DC350,1,1,0,3,393.93,148.96,5997.06,191.23,6731.18,929.2,19.2,11,11,0,11,0,100.0,1011.5,1326.7,131.2,0.4,0.0496,optimal,False
2025-05-30,219,2Ă—DC150 + 1Ă—DC350,0,0,2,1,243.81,177.5,4195.1,2091.6,6708.01,650.0,210.0,14,13,1,14,0,100.0,1263.5,1482.8,117.4,0.2,0.0177,optimal,False
2026-01-23,220,1Ă—L2 + 1Ă—DC50 + 1Ă—DC150 + 2Ă—DC350,1,1,1,2,339.14,223.59,4640.43,1494.0,6697.16,719.0,150.0,16,16,0,16,0,100.0,1697.3,2062.8,121.5,6.4,0.0499,optimal,False
2025-08-22,221,1Ă—DC50 + 2Ă—DC150 + 2Ă—DC350,0,1,2,2,393.79,262.38,4517.8,1494.0,6667.97,700.0,150.0,16,13,3,16,0,100.0,1599.2,1881.0,117.6,0.1,0.0356,optimal,False
2025-10-03,222,2Ă—DC150 + 2Ă—DC350,0,0,2,2,361.6,151.06,4517.8,1494.0,6524.46,700.0,150.0,11,11,0,11,0,100.0,1177.7,1440.0,122.3,0.4,0.0004,optimal,False
2025-10-08,223,2Ă—L2 + 1Ă—DC50 + 2Ă—DC350,2,1,0,2,284.49,502.0,4517.8,1195.2,6499.49,700.0,120.0,30,27,3,30,0,100.0,3590.8,4203.4,117.1,1.6,0.0052,optimal,False
2026-03-13,224,1Ă—DC50 + 1Ă—DC150 + 3Ă—DC350,0,1,1,3,448.58,293.18,5744.06,0.0,6485.82,890.0,0.0,19,13,6,19,0,100.0,2468.6,2587.5,104.8,0.4,0.0124,optimal,False
2025-06-21,225,1Ă—DC50 + 1Ă—DC150 + 2Ă—DC350,0,1,1,2,330.79,144.59,5485.9,498.0,6459.27,850.0,50.0,7,6,1,7,0,100.0,911.5,1071.0,117.5,0.0,0.0023,optimal,False
2026-04-10,226,1Ă—L2 + 1Ă—DC50 + 2Ă—DC150 + 2Ă—DC350,1,1,2,2,402.15,416.7,5550.44,0.0,6369.29,860.0,0.0,27,23,4,27,0,100.0,3422.9,3961.3,115.7,2.3,0.0089,optimal,False
2025-10-09,227,1Ă—L2 + 1Ă—DC50 + 2Ă—DC350,1,1,0,2,276.13,324.82,4517.8,1195.2,6313.95,700.0,120.0,19,18,1,19,0,100.0,2135.6,2600.8,121.8,0.9,0.0071,optimal,False
2025-06-15,228,1Ă—DC150 + 1Ă—DC350,0,0,1,1,180.8,85.66,2323.44,3585.6,6175.5,360.0,360.0,5,5,0,5,0,100.0,511.7,634.5,124.0,0.0,0.0,optimal,False
2025-09-06,229,1Ă—DC150 + 1Ă—DC350,0,0,1,1,180.8,65.61,2323.44,3585.6,6155.45,360.0,360.0,4,3,1,4,0,100.0,466.2,486.0,104.2,0.0,0.0,optimal,False
2025-06-01,230,1Ă—DC150 + 1Ă—DC350,0,0,1,1,180.8,41.92,2323.44,3585.6,6131.76,360.0,360.0,3,3,0,3,0,100.0,251.0,310.5,123.7,0.0,0.0,optimal,False
2025-07-25,231,1Ă—DC50 + 2Ă—DC150 + 1Ă—DC350,0,1,2,1,276.0,327.7,3356.08,2091.6,6051.38,520.0,210.0,18,15,3,18,0,100.0,2044.9,2252.2,110.1,0.7,0.0056,optimal,False
2025-12-05,232,2Ă—DC150 + 2Ă—DC350,0,0,2,2,361.6,198.25,5485.9,0.0,6045.75,850.0,0.0,16,13,3,16,0,100.0,1705.6,2009.2,117.8,0.3,0.0292,optimal,False
2025-05-31,233,2Ă—DC350,0,0,0,2,235.59,59.72,3614.24,2091.6,6001.15,560.0,210.0,3,3,0,3,0,100.0,365.9,425.2,116.2,0.0,0.0,optimal,False
2025-08-23,234,1Ă—DC50 + 2Ă—DC150 + 2Ă—DC350,0,1,2,2,393.79,205.94,4195.1,1195.2,5990.03,650.0,120.0,11,8,3,11,0,100.0,1354.6,1525.5,112.6,0.1,0.0061,optimal,False
2025-10-10,235,1Ă—DC150 + 2Ă—DC350,0,0,1,2,298.6,200.61,5485.9,0.0,5985.11,850.0,0.0,11,10,1,11,0,100.0,1750.3,1966.5,112.4,0.5,0.006,optimal,False
2025-10-31,236,1Ă—DC150 + 2Ă—DC350,0,0,1,2,298.6,126.89,5485.9,0.0,5911.39,850.0,0.0,9,8,1,9,0,100.0,1106.8,1262.2,114.0,0.0,0.0,optimal,False
2026-02-16,237,1Ă—DC350,0,0,0,1,117.8,47.97,2258.9,3486.0,5910.66,350.0,350.0,2,2,0,2,0,100.0,249.8,315.0,126.1,0.0,0.0,optimal,False
2026-01-03,238,1Ă—DC350,0,0,0,1,117.8,36.34,2258.9,3486.0,5899.04,350.0,350.0,2,1,1,2,0,100.0,208.4,258.8,124.2,0.0,0.0,optimal,False
2025-12-21,239,1Ă—DC350,0,0,0,1,117.8,22.12,2258.9,3486.0,5884.82,350.0,350.0,1,1,0,1,0,100.0,107.7,157.5,146.2,0.0,0.0,optimal,False
2025-08-30,240,1Ă—DC350,0,0,0,1,117.8,21.26,2258.9,3486.0,5883.96,350.0,350.0,1,1,0,1,0,100.0,114.7,157.5,137.3,0.0,0.0,optimal,False
2025-11-26,241,1Ă—L2 + 1Ă—DC50 + 3Ă—DC150 + 1Ă—DC350,1,1,3,1,347.36,183.57,5163.2,0.0,5694.13,800.0,0.0,17,14,3,17,0,100.0,1660.6,1832.0,110.3,5.3,0.0032,optimal,False
2026-04-11,242,1Ă—DC50 + 1Ă—DC150 + 1Ă—DC350,0,1,1,1,212.99,169.18,3227.0,1992.0,5601.17,500.0,200.0,7,7,0,7,0,100.0,1151.7,1305.0,113.3,0.2,0.0252,optimal,False
2025-11-21,243,1Ă—L2 + 2Ă—DC350,1,0,0,2,243.95,211.16,3872.4,1195.2,5522.71,600.0,120.0,15,15,0,15,0,100.0,1704.6,2064.2,121.1,1.0,0.0067,optimal,False
2026-03-14,244,1Ă—DC50 + 3Ă—DC150 + 1Ă—DC350,0,1,3,1,339.0,137.85,4969.58,0.0,5446.43,770.0,0.0,10,6,4,10,0,100.0,1197.9,1253.2,104.6,0.2,0.0471,optimal,False
2025-08-15,245,1Ă—DC50 + 1Ă—DC150 + 2Ă—DC350,0,1,1,2,330.79,371.18,4582.34,0.0,5284.31,710.0,0.0,21,21,0,21,0,100.0,2231.3,2749.5,123.2,3.3,0.0006,optimal,False
2025-08-29,246,1Ă—DC150 + 1Ă—DC350,0,0,1,1,180.8,215.57,3227.0,1494.0,5117.37,500.0,150.0,12,9,3,12,0,100.0,1328.3,1503.0,113.2,0.4,0.0,optimal,False
2026-01-04,247,1Ă—DC50 + 1Ă—DC150 + 1Ă—DC350,0,1,1,1,212.99,155.09,3227.0,1494.0,5089.08,500.0,150.0,9,8,1,9,0,100.0,1221.4,1419.8,116.2,0.5,0.0006,optimal,False
2025-11-07,248,1Ă—L2 + 1Ă—DC50 + 2Ă—DC350,1,1,0,2,276.13,272.01,4517.8,-0.0,5065.94,700.0,-0.0,16,15,1,16,0,100.0,2265.8,2697.1,119.0,1.1,0.0109,optimal,False
2026-03-27,249,3Ă—DC350,0,0,0,3,353.39,189.59,4517.8,0.0,5060.77,700.0,0.0,13,13,0,13,0,100.0,1487.5,1921.5,129.2,0.0,0.0249,optimal,False
2026-02-06,250,1Ă—DC50 + 1Ă—DC150 + 2Ă—DC350,0,1,1,2,330.79,196.22,4517.8,0.0,5044.81,700.0,0.0,12,11,1,12,0,100.0,1541.1,1912.5,124.1,0.3,0.0096,optimal,False
2026-02-27,251,1Ă—L2 + 1Ă—DC50 + 1Ă—DC150 + 2Ă—DC350,1,1,1,2,339.14,179.11,4453.26,0.0,4971.51,690.0,0.0,13,8,5,13,0,100.0,1716.1,1680.9,97.9,0.6,0.0127,optimal,False
2025-09-21,252,1Ă—DC150 + 1Ă—DC350,0,0,1,1,180.8,62.27,3227.0,1494.0,4964.07,500.0,150.0,4,4,0,4,0,100.0,349.9,461.2,131.8,0.0,0.0,optimal,False
2025-12-26,253,2Ă—DC350,0,0,0,2,235.59,124.32,4517.8,0.0,4877.71,700.0,0.0,8,8,0,8,0,100.0,933.7,1260.0,135.0,0.0,0.0,optimal,False
2025-08-08,254,1Ă—DC50 + 1Ă—DC150 + 1Ă—DC350,0,1,1,1,212.99,252.16,2258.9,2091.6,4815.65,350.0,210.0,13,12,1,13,0,100.0,1438.6,1730.2,120.3,0.7,0.0068,optimal,False
2025-09-14,255,1Ă—DC50 + 2Ă—DC150 + 1Ă—DC350,0,1,2,1,276.0,183.77,2258.9,2091.6,4810.27,350.0,210.0,9,9,0,9,0,100.0,1148.0,1361.2,118.6,0.1,0.0208,optimal,False
2026-02-17,256,2Ă—DC150 + 1Ă—DC350,0,0,2,1,243.81,239.68,4195.1,0.0,4678.58,650.0,0.0,16,14,2,16,0,100.0,1936.6,2306.2,119.1,0.3,0.0012,optimal,False
2025-09-07,257,1Ă—DC150 + 1Ă—DC350,0,0,1,1,180.8,52.85,2323.44,2091.6,4648.69,360.0,210.0,4,3,1,4,0,100.0,384.1,391.5,101.9,0.0,0.0,optimal,False
2026-04-17,258,1Ă—L2 + 1Ă—DC50 + 2Ă—DC350,1,1,0,2,276.13,201.96,4125.4,0.0,4603.49,639.2,0.0,12,10,2,12,0,100.0,1617.5,1768.1,109.3,0.3,0.0284,optimal,False
2025-12-31,259,1Ă—L2 + 2Ă—DC150 + 1Ă—DC350,1,0,2,1,252.16,143.3,4001.48,191.23,4588.18,620.0,19.2,13,12,1,13,0,100.0,1174.6,1344.7,114.5,1.3,0.0438,optimal,False
2025-05-11,260,1Ă—DC150 + 2Ă—DC350,0,0,1,2,298.6,82.7,4195.1,0.0,4576.4,650.0,0.0,6,6,0,6,0,100.0,622.2,776.2,124.8,0.0,0.0382,optimal,False
2026-01-30,261,1Ă—DC50 + 1Ă—DC150 + 2Ă—DC350,0,1,1,2,330.79,126.98,4001.48,0.0,4459.25,620.0,0.0,11,7,4,11,0,100.0,1121.8,1206.0,107.5,0.5,0.0103,optimal,False
2025-10-17,262,2Ă—DC350,0,0,0,2,235.59,200.02,4001.48,0.0,4437.09,620.0,0.0,14,8,6,14,0,100.0,1816.0,1784.2,98.2,0.2,0.006,optimal,False
2025-09-19,263,1Ă—DC150 + 2Ă—DC350,0,0,1,2,298.6,228.12,3614.24,0.0,4140.95,560.0,0.0,14,11,3,14,0,100.0,1572.0,1689.8,107.5,0.0,0.0,optimal,False
2025-11-15,264,1Ă—DC50 + 1Ă—DC150 + 1Ă—DC350,0,1,1,1,212.99,157.71,2258.9,1494.0,4123.6,350.0,150.0,8,8,0,8,0,100.0,1057.5,1273.5,120.4,0.1,0.0271,optimal,False
2025-12-19,265,1Ă—DC50 + 2Ă—DC350,0,1,0,2,267.78,194.45,3614.24,0.0,4076.46,560.0,0.0,13,12,1,13,0,100.0,1551.8,1869.8,120.5,0.2,0.009,optimal,False
2025-06-13,266,1Ă—DC150 + 1Ă—DC350,0,0,1,1,180.8,127.52,2258.9,1494.0,4061.22,350.0,150.0,8,8,0,8,0,100.0,715.1,882.0,123.3,0.0,0.0,optimal,False
2026-04-12,267,1Ă—DC350,0,0,0,1,117.8,138.78,2258.9,1494.0,4009.48,350.0,150.0,6,6,0,6,0,100.0,834.0,1035.0,124.1,0.1,0.0036,optimal,False
2025-10-24,268,1Ă—L2 + 1Ă—DC50 + 2Ă—DC350,1,1,0,2,276.13,193.08,3485.16,0.0,3954.37,540.0,0.0,13,11,2,13,0,100.0,1559.7,1758.7,112.8,0.7,0.0141,optimal,False
2025-08-01,269,1Ă—DC50 + 2Ă—DC150 + 1Ă—DC350,0,1,2,1,276.0,224.47,3227.0,0.0,3727.47,500.0,0.0,11,9,2,11,0,100.0,1422.2,1662.8,116.9,1.1,0.0106,optimal,False
2025-06-08,270,2Ă—DC50 + 2Ă—DC350,0,2,0,2,299.97,104.79,3227.0,0.0,3631.76,500.0,0.0,4,4,0,4,0,100.0,754.7,776.2,102.9,0.1,0.034,optimal,False
2025-11-14,271,1Ă—DC50 + 1Ă—DC150 + 1Ă—DC350,0,1,1,1,212.99,180.13,3227.0,0.0,3620.12,500.0,0.0,11,11,0,11,0,100.0,1308.6,1687.5,129.0,0.1,0.0297,optimal,False
2026-02-13,272,1Ă—DC50 + 1Ă—DC150 + 1Ă—DC350,0,1,1,1,212.99,167.17,3227.0,0.0,3607.16,500.0,0.0,8,7,1,8,0,100.0,1627.7,1694.2,104.1,1.7,0.0141,optimal,False
2025-06-14,273,1Ă—DC350,0,0,0,1,117.8,32.8,1355.34,2091.6,3597.54,210.0,210.0,2,1,1,2,0,100.0,238.8,243.0,101.8,0.0,0.0,optimal,False
2025-09-20,274,1Ă—DC350,0,0,0,1,117.8,26.43,1355.34,2091.6,3591.16,210.0,210.0,2,2,0,2,0,100.0,162.2,195.8,120.7,0.0,0.0,optimal,False
2026-03-20,275,1Ă—DC150 + 1Ă—DC350,0,0,1,1,180.8,98.54,3227.0,0.0,3506.34,500.0,0.0,7,5,2,7,0,100.0,790.3,897.8,113.6,0.0,0.0,optimal,False
2026-03-06,276,1Ă—DC50 + 1Ă—DC150 + 1Ă—DC350,0,1,1,1,212.99,65.49,3227.0,0.0,3505.48,500.0,0.0,5,5,0,5,0,100.0,572.2,663.8,116.0,0.6,0.0117,optimal,False
2026-04-25,277,1Ă—L2 + 1Ă—DC150 + 1Ă—DC350,1,0,1,1,189.16,54.54,3227.0,0.0,3470.7,500.0,0.0,3,2,1,3,0,100.0,387.3,388.3,100.3,0.2,0.0089,optimal,False
2026-04-24,278,1Ă—DC50 + 1Ă—DC150 + 1Ă—DC350,0,1,1,1,212.99,208.69,3033.38,0.0,3455.06,470.0,0.0,16,10,6,16,0,100.0,1921.9,1966.5,102.3,1.8,0.0014,optimal,False
2025-06-07,279,1Ă—DC50 + 1Ă—DC150 + 1Ă—DC350,0,1,1,1,212.99,78.97,2258.9,0.0,2550.87,350.0,0.0,3,3,0,3,0,100.0,551.6,585.0,106.0,0.1,0.0388,optimal,False
2026-01-10,280,1Ă—DC150,0,0,1,0,63.01,11.4,968.1,1494.0,2536.51,150.0,150.0,1,1,0,1,0,100.0,79.2,101.2,127.9,0.0,0.0,optimal,False
2026-03-28,281,1Ă—DC50 + 1Ă—DC350,0,1,0,1,149.98,90.13,2258.9,0.0,2499.01,350.0,0.0,6,6,0,6,0,100.0,758.5,832.5,109.7,0.9,0.0172,optimal,False
2025-11-22,282,1Ă—DC150 + 1Ă—DC350,0,0,1,1,180.8,35.52,2258.9,0.0,2475.22,350.0,0.0,3,1,2,3,0,100.0,364.7,360.0,98.7,0.0,0.0,optimal,False
2026-04-03,283,1Ă—DC50 + 1Ă—DC350,0,1,0,1,149.98,53.97,2258.9,0.0,2462.85,350.0,0.0,4,4,0,4,0,100.0,366.3,461.2,125.9,0.1,0.0147,optimal,False
2026-03-01,284,1Ă—DC50 + 1Ă—DC350,0,1,0,1,149.98,41.07,2258.9,0.0,2449.95,350.0,0.0,2,2,0,2,0,100.0,360.1,416.2,115.6,0.7,0.0148,optimal,False
2026-01-02,285,1Ă—DC350,0,0,0,1,117.8,68.74,2258.9,0.0,2445.44,350.0,0.0,4,4,0,4,0,100.0,468.5,630.0,134.5,0.0,0.0,optimal,False
2026-04-04,286,1Ă—L2 + 1Ă—DC350,1,0,0,1,126.15,54.9,2258.9,0.0,2439.95,350.0,0.0,3,3,0,3,0,100.0,317.5,423.0,133.2,0.3,0.0499,optimal,False
2025-06-29,287,1Ă—DC350,0,0,0,1,117.8,55.59,2258.9,0.0,2432.28,350.0,0.0,3,2,1,3,0,100.0,344.1,411.8,119.7,0.0,0.0,optimal,False
2026-02-21,288,1Ă—DC350,0,0,0,1,117.8,55.3,2258.9,0.0,2432.0,350.0,0.0,2,2,0,2,0,100.0,313.2,393.8,125.7,0.0,0.0,optimal,False
2025-07-26,289,1Ă—DC350,0,0,0,1,117.8,54.07,2258.9,0.0,2430.76,350.0,0.0,3,2,1,3,0,100.0,378.3,400.5,105.9,0.0,0.0,optimal,False
2026-01-01,290,1Ă—L2 + 1Ă—DC350,1,0,0,1,126.15,26.2,2258.9,0.0,2411.25,350.0,0.0,2,2,0,2,0,100.0,227.3,265.5,116.8,0.4,0.0027,optimal,False
2025-05-17,291,1Ă—DC350,0,0,0,1,117.8,33.18,2258.9,0.0,2409.88,350.0,0.0,1,1,0,1,0,100.0,172.6,236.2,136.9,0.0,0.0,optimal,False
2025-10-05,292,1Ă—DC350,0,0,0,1,117.8,22.12,2258.9,0.0,2398.82,350.0,0.0,1,1,0,1,0,100.0,125.1,157.5,125.9,0.0,0.0,optimal,False
2025-12-20,293,1Ă—DC350,0,0,0,1,117.8,22.12,2258.9,0.0,2398.82,350.0,0.0,1,1,0,1,0,100.0,112.8,157.5,139.6,0.0,0.0,optimal,False
2025-11-08,294,1Ă—DC350,0,0,0,1,117.8,15.54,2258.9,0.0,2392.24,350.0,0.0,1,1,0,1,0,100.0,109.9,157.5,143.3,0.0,0.0,optimal,False
2026-02-15,295,1Ă—DC350,0,0,0,1,117.8,15.54,2258.9,0.0,2392.24,350.0,0.0,1,1,0,1,0,100.0,105.0,157.5,150.0,0.0,0.0,optimal,False
2025-07-13,296,2Ă—DC150,0,0,2,0,126.01,58.32,1548.96,0.0,1733.29,240.0,0.0,3,3,0,3,0,100.0,417.9,432.0,103.4,0.1,0.0058,optimal,False
2025-05-18,297,1Ă—DC350,0,0,0,1,117.8,13.99,1355.34,0.0,1487.12,210.0,0.0,1,1,0,1,0,100.0,113.2,141.8,125.2,0.0,0.0,optimal,False
2025-05-04,298,1Ă—DC350,0,0,0,1,117.8,13.27,1355.34,0.0,1486.41,210.0,0.0,1,1,0,1,0,100.0,91.7,94.5,103.1,0.0,0.0,optimal,False
2025-08-16,299,1Ă—DC350,0,0,0,1,117.8,12.76,1355.34,0.0,1485.89,210.0,0.0,1,1,0,1,0,100.0,92.6,94.5,102.1,0.0,0.0,optimal,False
2025-07-12,300,1Ă—DC50 + 1Ă—DC150,0,1,1,0,95.2,48.6,968.1,0.0,1111.9,150.0,0.0,2,2,0,2,0,100.0,334.5,360.0,107.6,0.0,0.0328,optimal,False
2025-06-28,301,1Ă—DC150,0,0,1,0,63.01,77.46,968.1,0.0,1108.56,150.0,0.0,4,4,0,4,0,100.0,503.2,573.8,114.0,0.2,0.0087,optimal,False
2025-07-19,302,1Ă—L2 + 1Ă—DC150,1,0,1,0,71.36,24.17,968.1,0.0,1063.63,150.0,0.0,2,2,0,2,0,100.0,154.5,179.0,115.9,0.3,0.0076,optimal,False
2025-05-03,303,1Ă—DC150,0,0,1,0,63.01,14.22,968.1,0.0,1045.33,150.0,0.0,1,1,0,1,0,100.0,82.9,101.2,122.1,0.0,0.0,optimal,False
2025-06-22,304,1Ă—DC150,0,0,1,0,63.01,13.67,968.1,0.0,1044.78,150.0,0.0,1,1,0,1,0,100.0,98.1,101.2,103.2,0.0,0.0,optimal,False
2026-02-14,305,1Ă—DC150,0,0,1,0,63.01,6.66,968.1,0.0,1037.77,150.0,0.0,1,1,0,1,0,100.0,65.6,67.5,102.9,0.0,0.0,optimal,False
2025-07-06,306,1Ă—DC50,0,1,0,0,32.19,34.93,322.7,0.0,389.82,50.0,0.0,1,1,0,1,0,100.0,258.2,258.8,100.2,0.1,0.0,optimal,False
2025-08-17,307,1Ă—DC50,0,1,0,0,32.19,34.93,322.7,0.0,389.82,50.0,0.0,1,1,0,1,0,100.0,249.0,258.8,103.9,0.2,0.0,optimal,False
2026-03-31,308,1Ă—DC50,0,1,0,0,32.19,23.31,322.7,0.0,378.2,50.0,0.0,1,1,0,1,0,100.0,233.5,236.2,101.2,0.1,0.0,optimal,False
2025-08-31,309,1Ă—L2,1,0,0,0,8.36,11.66,123.92,0.0,143.94,19.2,0.0,1,1,0,1,0,100.0,83.6,86.4,103.3,0.2,0.0,optimal,False
2026-04-18,310,1Ă—L2,1,0,0,0,8.36,11.08,123.92,0.0,143.35,19.2,0.0,1,1,0,1,0,100.0,109.6,112.3,102.5,0.5,0.0,optimal,False
